{"cameraMode":{"drawMode":0,"name":"Shaded","section":"Shading Mode"},"sceneLighting":false,"audioPlay":false,"sceneViewState":{"m_AlwaysRefresh":false,"showFog":true,"showSkybox":false,"showFlares":true,"showImageEffects":true,"showParticleSystems":true,"showVisualEffectGraphs":true,"m_FxEnabled":true},"in2DMode":false,"pivot":{"x":838.367919921875,"y":719.5918579101563,"z":120.8717269897461},"rotation":{"x":0.0031142651569098236,"y":0.9964883327484131,"z":-0.043685562908649448,"w":0.07161829620599747},"size":189.76492309570313,"orthographic":false}