{"cameraMode":{"drawMode":0,"name":"Shaded","section":"Shading Mode"},"sceneLighting":false,"audioPlay":false,"sceneViewState":{"m_AlwaysRefresh":false,"showFog":true,"showSkybox":false,"showFlares":true,"showImageEffects":true,"showParticleSystems":true,"showVisualEffectGraphs":true,"m_FxEnabled":true},"in2DMode":false,"pivot":{"x":1235.4537353515625,"y":827.2025146484375,"z":-141.8280792236328},"rotation":{"x":0.1481713205575943,"y":-0.035052455961704257,"z":0.005241094157099724,"w":0.9883469343185425},"size":143.95811462402345,"orthographic":false}