{"cameraMode":{"drawMode":0,"name":"Shaded","section":"Shading Mode"},"sceneLighting":false,"audioPlay":false,"sceneViewState":{"m_AlwaysRefresh":false,"showFog":true,"showSkybox":false,"showFlares":true,"showImageEffects":true,"showParticleSystems":true,"showVisualEffectGraphs":true,"m_FxEnabled":true},"in2DMode":false,"pivot":{"x":971.4368896484375,"y":495.59869384765627,"z":-1372.62939453125},"rotation":{"x":0.0003094105049967766,"y":0.0011809561401605607,"z":0.0000026037992029159797,"w":1.0000075101852418},"size":132.48907470703126,"orthographic":false}