{"cameraMode":{"drawMode":0,"name":"Shaded","section":"Shading Mode"},"sceneLighting":false,"audioPlay":false,"sceneViewState":{"m_AlwaysRefresh":false,"showFog":true,"showSkybox":false,"showFlares":true,"showImageEffects":true,"showParticleSystems":true,"showVisualEffectGraphs":true,"m_FxEnabled":true},"in2DMode":false,"pivot":{"x":821.9464111328125,"y":445.7181091308594,"z":1607.8372802734375},"rotation":{"x":0.04079771786928177,"y":-0.006313780322670937,"z":0.00026253447867929935,"w":0.9991574883460999},"size":1224.1724853515625,"orthographic":false}